prediction;test_price
28.32;28.78
28.66;28.81
28.88;28.14
28.82;28.2
28.42;28.74
28.33;29.0
28.54;28.63
28.85;28.29
28.73;28.28
28.61;28.16
28.45;27.78
28.56;27.72
28.29;27.16
27.99;27.18
27.59;26.64
27.53;26.31
26.96;26.76
26.53;26.45
26.83;26.48
26.58;26.04
26.71;26.02
26.59;25.1
26.43;24.87
25.65;24.53
25.27;24.88
24.94;25.5
24.88;25.02
25.34;25.62
25.13;25.12
25.31;25.66
25.32;26.03
25.56;26.75
25.94;26.96
26.57;26.23
26.74;27.48
26.42;27.67
26.94;28.02
27.2;27.85
27.62;27.94
27.64;28.6
27.77;28.19
28.28;28.34
28.2;28.08
28.25;28.42
28.12;28.15
28.33;28.41
28.32;28.69
28.19;28.69
28.33;28.88
28.52;28.39
28.72;28.27
28.51;28.27
28.55;27.8
28.61;27.6
28.32;27.26
28.02;26.83
27.6;26.57
27.29;27.21
26.75;27.4
27.19;27.33
27.32;26.85
27.29;26.57
27.03;27.67
26.66;27.25
27.35;27.83
27.29;27.95
27.71;27.99
27.66;27.71
27.79;27.37
27.54;27.04
27.25;27.37
26.91;27.84
27.02;27.53
27.54;27.51
27.35;27.25
27.47;27.5
27.32;27.1
27.35;26.91
27.21;27.35
26.95;26.33
27.31;26.21
26.73;26.11
26.53;26.45
26.48;26.85
26.64;27.33
26.99;27.44
27.54;27.3
27.95;27.6
27.79;27.86
27.88;28.23
28.18;28.29
28.33;28.58
28.31;28.29
28.56;29.05
28.58;29.22
28.91;29.04
29.23;29.42
29.11;30.27
29.37;30.15
30.07;29.92
30.08;30.33
29.92;29.95
29.98;30.36
29.85;30.52
29.9;30.45
30.27;30.29
30.27;29.74
30.14;29.36
29.74;29.32
29.29;28.99
29.35;29.35
28.9;29.54
29.29;29.49
29.46;29.31
29.4;29.05
29.42;28.95
29.24;29.97
29.08;30.09
29.73;28.8
30.08;28.95
29.4;29.51
29.21;29.02
29.53;29.0
29.33;29.6
29.29;29.36
29.72;28.88
29.62;28.74
29.31;28.69
29.02;27.86
28.83;28.26
28.23;28.11
28.45;28.34
28.38;27.51
28.37;27.54
27.98;27.22
27.87;27.09
27.57;26.79
27.28;26.96
27.12;26.24
27.09;26.13
26.56;25.77
26.38;25.82
25.9;25.47
25.62;25.39
25.54;25.67
25.6;26.55
25.73;27.22
26.33;26.96
26.99;26.6
26.96;26.53
26.62;27.17
26.58;27.06
26.98;27.13
26.91;26.61
27.01;26.97
26.76;27.63
26.79;26.48
27.2;26.24
26.81;26.49
26.41;27.31
26.62;27.41
27.14;26.97
27.33;27.94
27.06;28.61
27.62;28.06
28.19;27.69
28.02;28.2
27.79;28.35
28.1;27.99
28.21;27.7
27.96;27.76
27.92;27.77
27.68;28.09
27.77;27.57
28.03;27.66
27.55;27.71
27.47;28.43
27.62;28.22
28.2;28.3
28.27;28.36
28.23;27.51
28.16;27.36
27.7;28.72
27.42;28.29
28.18;28.59
28.32;28.74
28.58;29.01
28.73;28.23
28.84;28.36
28.41;28.08
28.14;29.17
28.05;30.0
28.81;28.71
29.54;28.38
28.89;27.72
28.49;28.33
27.93;28.57
28.28;25.94
28.67;26.77
26.93;26.76
27.14;26.14
26.88;25.77
26.31;24.65
26.07;23.18
25.12;22.4
23.83;20.76
23.17;20.1
21.71;23.31
20.69;22.4
22.67;20.39
22.93;21.17
21.52;21.59
21.36;23.16
21.83;22.08
22.99;20.11
22.59;20.41
21.09;19.72
20.77;18.64
20.3;20.86
19.45;20.91
20.5;22.1
20.83;22.6
21.58;21.84
22.45;22.7
21.94;21.14
22.52;19.9
21.72;20.38
20.48;19.26
20.37;19.0
19.65;17.59
19.42;18.89
18.29;18.39
18.97;17.22
18.78;18.03
18.01;17.4
18.59;16.34
18.21;18.42
17.62;19.37
18.52;19.22
19.34;19.63
19.6;19.65
19.91;17.74
20.01;18.72
18.78;19.14
19.18;19.01
19.5;19.86
19.61;21.74
20.13;20.53
21.66;20.68
21.15;20.21
20.89;20.02
20.47;20.16
19.98;21.06
20.06;20.88
20.59;20.21
20.96;19.86
20.3;19.42
19.98;19.35
19.87;19.47
19.87;19.64
19.88;19.01
19.85;19.9
19.29;20.09
19.72;21.18
20.04;20.81
20.97;21.53
20.81;20.52
21.25;20.28
20.99;19.75
20.78;19.36
20.32;18.77
20.11;18.42
19.4;18.91
18.81;19.0
19.43;17.92
19.15;18.8
18.8;18.57
19.09;18.25
19.1;18.47
18.9;18.82
18.74;19.73
18.97;18.82
19.72;18.31
19.34;17.89
19.01;18.26
18.41;16.82
18.31;16.57
17.77;17.22
17.38;17.21
17.3;16.61
17.37;16.38
17.17;16.67
16.92;16.4
16.91;15.8
16.82;15.61
16.65;15.66
16.38;15.52
15.99;15.03
15.86;15.87
15.73;15.37
15.96;14.93
15.96;14.85
15.65;14.21
15.66;14.49
15.3;15.0
15.33;14.16
15.52;14.02
15.16;13.8
14.77;14.71
14.46;14.69
14.99;15.43
15.4;15.17
15.66;15.24
15.64;15.78
15.78;16.04
16.05;15.67
16.34;15.45
16.03;16.75
15.63;16.19
16.61;16.41
16.44;16.88
16.74;16.46
16.78;15.81
16.8;16.08
16.43;16.64
16.03;17.89
16.67;17.71
17.62;17.37
17.9;16.93
17.63;17.14
16.85;17.6
16.96;17.29
17.54;16.84
17.46;17.47
17.2;18.16
17.6;18.05
18.27;17.19
18.16;17.24
17.38;17.18
17.43;17.38
17.49;17.94
17.2;17.48
17.82;17.28
17.94;18.6
17.87;19.39
18.71;19.43
19.49;20.24
19.57;20.5
20.47;22.91
20.93;22.43
22.13;22.54
22.47;21.88
22.32;21.53
22.07;20.9
21.48;20.79
20.81;20.73
20.91;21.44
20.68;21.09
21.07;20.85
21.42;20.57
21.1;20.99
21.05;21.73
21.17;21.14
21.6;21.24
21.41;21.45
21.58;22.16
21.36;22.25
22.13;22.21
22.53;22.26
22.44;22.09
22.57;22.43
22.63;22.43
22.78;22.22
22.96;22.34
22.67;22.19
22.62;21.47
22.37;20.8
21.67;20.97
21.31;21.0
21.26;20.83
21.28;20.06
21.2;20.26
20.48;20.28
20.41;20.85
20.37;20.75
20.64;20.95
20.71;20.66
20.84;20.76
20.55;20.22
21.02;20.44
20.65;19.95
20.59;19.69
20.26;19.95
20.14;19.84
20.25;20.1
19.77;20.46
20.04;21.32
20.56;21.95
21.28;21.7
21.83;22.46
21.86;22.31
22.58;22.47
22.46;23.73
22.25;23.54
23.16;23.42
23.46;23.35
23.7;22.92
23.49;23.22
23.12;22.24
23.31;22.6
22.67;22.7
22.59;22.38
23.0;22.46
22.79;23.63
22.42;23.41
23.2;22.93
23.49;23.22
23.33;23.25
23.47;22.9
23.58;22.22
23.2;22.31
22.87;22.56
22.42;22.92
22.44;23.72
23.1;23.73
23.55;23.79
23.57;23.91
24.04;23.92
23.95;23.77
24.06;23.06
24.06;22.74
23.54;22.49
22.94;22.53
22.84;22.93
22.74;23.27
23.06;23.86
23.3;25.11
23.99;25.16
24.86;24.86
25.1;25.05
25.0;25.12
25.12;25.2
25.06;25.18
25.01;24.79
25.13;25.13
24.87;24.86
25.37;24.77
25.13;24.46
25.03;25.0
24.72;24.74
25.17;24.31
25.2;24.23
24.68;24.09
24.41;24.5
24.34;24.95
24.4;24.94
24.52;25.39
24.93;25.36
25.25;25.36
25.4;25.16
25.54;25.6
25.53;25.88
25.72;26.03
25.93;26.45
25.99;25.99
26.22;25.88
26.03;26.07
25.64;25.58
25.51;25.37
25.41;24.94
25.37;24.12
25.06;24.92
24.61;24.23
25.03;24.27
24.56;24.46
24.31;24.82
24.54;25.68
24.77;25.29
25.53;25.68
25.48;25.78
25.49;25.93
25.8;25.72
26.03;26.95
25.91;27.18
26.69;27.33
27.51;27.16
27.61;26.75
27.57;26.57
27.07;26.99
26.95;26.77
27.13;27.1
27.1;26.87
27.56;26.76
27.3;27.21
26.99;27.26
27.54;26.86
27.78;27.31
27.41;27.45
27.64;27.17
27.94;27.18
27.77;28.03
27.83;28.39
28.32;28.51
28.66;28.82
28.83;29.05
29.14;28.6
29.44;28.62
29.21;29.02
28.98;28.94
29.26;29.05
29.26;28.92
29.33;28.58
29.26;29.0
29.02;28.91
29.47;28.88
29.36;28.72
29.3;28.65
29.27;28.5
29.25;28.51
29.12;28.55
28.87;28.09
28.56;27.6
28.46;28.03
28.05;27.78
28.22;27.41
28.12;27.77
27.8;27.94
28.05;27.42
28.14;26.85
27.9;26.8
27.68;26.57
27.52;26.26
27.17;26.29
26.72;26.47
26.74;26.44
26.89;26.85
26.81;27.54
27.33;26.57
27.79;26.46
27.07;26.4
26.93;26.73
26.72;26.9
26.79;27.01
26.83;26.93
26.86;27.29
26.89;27.64
27.05;27.78
27.38;27.97
27.53;27.87
27.85;27.69
27.76;28.11
27.85;28.09
27.95;27.98
27.97;28.25
28.04;28.55
28.11;28.34
28.22;29.17
28.17;29.75
28.67;29.73
29.27;29.83
29.44;29.85
29.44;30.28
29.33;30.17
29.7;30.2
30.02;30.23
30.05;30.23
29.99;30.26
29.87;30.13
29.89;30.41
29.83;30.46
30.1;30.8
30.32;31.43
30.57;31.63
31.1;31.49
31.43;31.44
31.32;31.27
31.3;31.84
31.13;31.54
31.3;31.77
31.11;31.63
31.15;31.95
31.25;32.44
31.66;32.15
32.17;32.1
32.27;32.42
32.13;32.6
32.29;32.09
32.43;32.4
32.24;32.73
32.38;32.75
32.49;32.94
32.64;32.95
32.94;33.18
33.14;32.53
33.43;32.5
33.12;33.34
32.92;33.0
33.33;33.64
33.09;32.77
33.55;31.65
32.97;30.46
32.01;29.92
30.92;31.61
30.32;32.03
31.52;31.46
32.18;31.12
31.99;30.51
31.79;30.63
31.1;30.21
30.96;29.91
30.72;28.65
30.35;29.44
29.44;29.09
29.57;28.95
29.38;29.62
29.21;30.78
29.69;29.93
30.48;29.85
30.13;31.12
30.0;31.09
30.58;30.17
30.76;29.59
30.45;29.69
29.87;29.5
29.7;30.55
29.63;30.67
30.34;30.39
30.49;31.34
30.39;31.16
31.14;31.41
31.17;31.48
31.29;31.4
31.37;30.77
31.46;30.76
30.96;30.09
30.8;29.99
30.37;29.75
30.17;28.93
29.83;28.21
29.23;28.2
28.66;28.11
28.51;28.41
28.46;29.68
28.89;29.86
29.69;30.23
30.04;30.25
30.37;30.86
30.28;30.67
30.62;30.5
30.6;29.58
30.7;29.83
29.93;29.91
29.78;29.39
30.06;30.09
29.66;30.57
29.89;30.81
30.13;30.7
30.25;30.49
29.93;30.19
29.8;30.17
29.7;30.88
29.71;30.64
30.2;31.2
30.25;31.33
30.83;31.35
31.17;31.49
31.29;31.61
31.38;30.65
31.32;30.44
30.77;30.17
30.53;30.15
30.22;30.24
30.08;30.37
30.17;29.73
30.26;29.6
29.85;29.49
29.67;28.79
29.53;28.76
29.06;28.61
28.83;29.36
28.71;28.97
29.17;29.14
29.04;30.01
29.3;30.37
29.84;31.05
30.24;30.31
30.5;30.31
30.31;30.52
30.14;30.59
30.07;30.69
30.08;30.5
30.38;30.64
30.17;30.6
30.3;30.95
30.53;31.26
30.55;30.9
30.56;30.44
30.29;29.66
30.09;30.08
29.48;29.82
29.51;29.75
29.63;29.57
29.66;29.65
29.45;29.86
29.54;29.68
29.89;30.3
29.75;30.2
30.2;30.37
30.24;30.91
30.35;30.96
30.7;30.88
31.0;31.27
31.03;31.21
31.24;31.24
31.15;31.12
31.09;30.67
31.13;31.01
30.78;31.06
31.01;31.32
30.98;31.76
31.15;32.21
31.4;32.17
31.79;32.7
32.03;32.36
32.31;32.27
32.19;32.34
31.86;32.5
32.08;33.17
32.27;33.32
32.78;33.19
33.28;33.01
33.21;33.13
32.94;32.18
32.98;33.81
32.24;33.36
33.29;33.07
33.26;33.34
32.93;33.66
32.99;33.15
33.38;33.09
33.42;32.35
33.32;33.02
32.98;32.87
33.32;32.62
33.33;32.7
33.0;33.25
33.08;33.44
33.33;33.67
33.43;33.64
33.56;33.43
33.83;33.11
33.72;33.27
33.54;33.19
33.43;33.62
33.11;33.72
33.6;33.46
33.89;33.51
33.48;33.55
33.38;33.56
33.39;33.8
33.39;34.36
33.47;34.14
33.89;33.94
33.83;33.83
33.78;34.05
33.61;33.94
33.58;33.96
33.49;34.24
33.48;35.3
33.59;36.18
34.32;35.9
35.1;35.72
35.12;35.77
34.86;35.67
34.98;35.47
35.2;35.55
35.09;35.58
35.13;35.67
35.06;35.39
35.18;35.47
34.82;35.98
34.87;36.16
35.2;36.09
35.51;35.71
35.67;35.73
35.41;35.18
35.3;35.19
34.8;36.11
34.74;36.66
35.23;36.67
35.65;36.86
35.91;37.07
36.12;37.29
36.38;39.26
36.64;39.22
38.0;39.31
38.47;39.15
38.51;39.02
38.18;39.57
38.03;39.57
38.42;39.44
38.44;38.62
38.49;38.15
38.01;38.41
37.54;38.89
37.56;39.6
37.81;38.93
38.5;39.2
38.33;39.9
38.4;39.43
38.84;38.95
38.71;39.12
38.76;39.04
38.64;38.45
38.71;38.87
38.53;38.25
38.9;37.68
38.53;36.76
37.96;36.91
36.99;37.33
36.71;37.87
36.9;37.52
37.47;38.25
37.65;38.81
37.93;38.91
38.42;38.5
38.57;38.88
38.45;39.25
38.48;39.02
38.91;38.8
38.87;38.6
38.69;38.42
38.33;38.27
38.09;38.07
37.97;37.81
37.82;37.93
37.66;37.69
37.3;37.76
36.74;37.14
36.78;37.59
36.37;37.3
36.99;37.44
37.08;38.07
36.98;38.27
37.56;37.97
38.03;38.33
37.86;38.55
37.98;38.95
37.95;39.02
38.18;39.18
38.43;39.0
38.92;38.59
38.79;38.65
38.48;38.99
38.45;39.02
38.49;39.76
38.75;37.59
39.12;37.65
37.78;37.59
37.24;37.06
37.03;37.13
36.68;37.5
36.82;37.47
37.0;37.58
37.04;37.27
36.97;37.21
36.8;37.24
36.54;37.11
36.46;37.59
36.62;37.69
37.04;36.58
37.17;36.27
36.31;35.66
35.87;35.67
35.52;35.63
35.22;35.52
35.16;35.65
35.11;34.86
35.04;34.74
34.3;34.94
34.38;34.76
34.52;34.42
34.6;34.44
34.41;34.62
34.22;35.11
34.36;34.69
34.69;34.24
34.49;34.03
34.15;34.47
33.94;34.33
34.14;34.72
34.16;35.35
34.39;35.96
34.98;36.19
35.52;35.83
35.62;35.98
35.5;36.14
35.4;35.51
35.37;35.45
35.09;35.82
34.89;35.84
35.22;35.56
35.32;35.09
35.19;35.8
34.67;35.64
35.04;36.89
34.99;36.81
35.79;36.73
36.08;36.68
35.93;35.78
36.05;35.67
35.38;34.97
35.12;34.81
34.58;33.47
34.3;33.89
33.48;32.01
33.69;31.85
32.49;29.91
31.98;31.42
30.5;28.56
31.08;29.08
29.57;29.96
29.38;30.47
29.77;30.26
30.12;30.21
30.22;29.47
30.28;28.84
29.93;28.99
29.33;29.07
29.15;29.44
29.21;28.98
29.42;29.34
29.02;30.02
28.96;30.41
29.22;30.84
29.64;30.22
30.18;29.39
29.8;28.76
29.17;29.54
28.56;28.93
29.05;28.11
28.82;28.33
28.31;28.48
28.18;29.24
28.13;29.83
28.84;29.8
29.49;29.44
29.62;29.26
29.46;28.32
29.29;26.76
28.65;27.01
27.69;27.44
27.38;28.21
27.58;27.6
27.98;27.75
27.97;27.31
28.21;26.26
28.0;27.04
27.1;28.53
27.45;29.0
28.36;28.7
29.12;29.88
29.05;29.53
29.51;30.57
29.26;30.38
29.85;31.21
30.11;30.23
30.56;30.73
30.13;30.43
30.42;30.64
30.17;31.84
30.07;32.03
31.17;31.25
31.21;31.74
30.95;32.85
31.17;32.79
32.08;31.58
32.21;30.42
31.54;30.85
30.87;31.72
31.29;31.47
31.88;31.83
31.87;31.95
31.94;30.6
31.78;31.36
31.0;33.23
31.39;32.7
32.74;33.0
32.62;32.17
32.83;31.83
32.34;32.26
31.89;31.08
32.25;30.8
31.56;30.24
31.09;30.34
30.39;30.85
30.34;30.79
30.46;32.46
30.52;32.59
31.78;33.15
31.77;33.45
32.42;33.35
32.82;33.59
32.73;32.52
32.8;33.1
32.0;33.18
32.1;32.9
32.18;32.37
32.18;32.4
32.01;32.52
32.03;31.99
31.76;33.3
31.52;33.39
32.23;34.02
32.61;34.71
33.04;34.63
33.93;34.29
34.01;34.72
33.6;34.52
34.04;35.27
34.26;35.77
35.28;36.37
35.49;36.74
35.92;36.6
36.19;36.49
36.01;35.63
36.06;35.66
35.64;35.35
35.41;35.43
34.99;35.92
34.81;36.31
35.27;36.19
35.8;36.14
35.97;36.14
35.93;36.42
35.83;36.23
36.13;36.14
36.07;35.9
35.98;35.81
35.64;36.21
35.37;35.82
35.57;36.83
35.3;37.25
36.01;37.73
36.43;38.0
36.67;38.23
37.2;38.16
37.47;38.47
37.55;38.3
37.49;37.98
37.42;38.24
37.33;38.44
37.3;38.27
37.71;38.0
37.74;38.19
37.63;38.03
37.59;38.34
37.64;38.6
37.87;38.66
38.2;39.03
38.21;39.0
38.59;39.31
38.7;38.67
38.82;38.44
38.07;38.69
37.78;38.89
37.93;38.98
38.33;40.52
38.24;40.03
39.46;40.02
39.47;39.76
39.54;39.99
38.99;39.81
39.1;39.84
38.92;39.86
39.03;40.19
38.85;40.86
38.81;40.65
39.54;40.06
39.43;39.6
39.31;40.31
38.87;40.36
39.3;39.86
39.15;39.52
38.7;39.66
38.39;38.77
38.31;37.74
37.61;38.09
36.86;38.81
36.97;38.53
37.57;38.35
37.91;39.29
37.92;39.12
38.56;38.74
38.75;38.99
38.63;38.68
38.67;38.83
38.1;39.31
38.07;39.92
38.5;39.91
39.01;39.69
39.12;40.32
39.27;40.09
39.77;40.33
39.57;39.52
39.62;40.34
38.84;40.79
39.23;41.45
39.49;41.69
39.81;41.95
40.21;41.59
40.59;41.44
40.73;41.5
40.54;40.81
40.42;40.33
40.29;40.87
39.61;40.87
39.76;40.7
39.88;40.91
39.83;40.97
39.77;41.87
39.74;41.61
40.7;42.08
41.03;40.88
40.81;40.89
40.22;41.28
40.29;41.92
40.52;42.01
41.01;42.57
41.14;42.17
41.88;42.7
41.8;42.56
42.79;43.44
42.88;43.35
43.3;43.36
43.18;43.74
43.0;43.94
43.24;43.64
43.27;43.7
43.33;42.99
43.15;43.55
42.56;44.07
42.97;44.03
43.44;44.65
43.63;44.85
44.1;44.73
44.27;44.29
44.31;44.23
43.91;44.19
43.9;43.6
44.0;43.52
43.25;43.65
43.22;44.37
43.11;44.06
43.71;45.43
43.75;45.43
44.62;45.1
44.96;44.73
44.4;44.17
44.19;44.34
43.72;44.47
43.67;45.77
43.61;45.98
44.61;45.85
45.14;45.24
44.85;44.95
44.53;45.09
44.28;45.82
44.45;45.71
44.79;45.86
44.89;46.48
44.84;46.0
45.37;45.71
44.99;45.9
44.65;45.75
44.45;45.93
44.28;46.26
44.38;46.46
44.83;46.45
45.42;45.7
45.38;45.72
44.87;45.27
44.62;45.63
44.35;45.69
44.72;45.69
44.6;46.07
44.59;45.5
44.62;45.54
44.33;45.72
44.37;46.76
44.76;47.75
45.78;47.63
46.46;47.43
46.54;47.47
46.31;47.6
46.16;48.43
46.08;48.2
46.59;48.01
46.65;47.78
46.52;48.52
46.2;48.48
46.81;48.56
47.23;48.72
47.21;48.37
47.34;47.82
47.18;48.41
46.47;48.13
46.73;47.94
46.9;47.54
46.98;48.31
46.51;48.45
46.76;48.77
47.27;48.18
47.76;47.42
47.46;47.15
46.48;46.35
46.01;46.58
45.36;46.76
45.51;47.17
45.39;48.14
45.62;48.26
46.09;47.78
46.13;47.68
46.01;46.73
46.3;46.63
45.62;46.27
45.36;46.11
44.86;45.22
44.86;45.83
44.25;45.9
44.23;46.33
44.23;46.47
44.38;46.11
44.67;46.07
44.43;43.33
44.31;43.69
42.64;44.15
42.29;43.43
42.6;43.7
42.21;43.66
42.35;44.11
42.43;44.6
42.57;44.82
42.96;45.35
43.27;45.14
43.43;44.74
43.32;45.3
43.19;45.78
43.49;45.72
43.72;45.38
44.03;45.39
43.65;45.66
43.29;45.86
43.61;46.03
43.62;46.09
43.83;46.25
43.9;46.4
44.21;45.91
44.59;45.5
44.16;46.07
43.76;46.95
43.85;46.68
44.29;47.61
44.47;46.74
45.12;46.63
44.9;46.6
44.82;46.3
44.83;45.95
44.71;46.54
44.48;47.77
44.73;47.87
45.3;48.79
45.41;47.65
45.97;47.45
45.35;47.47
45.04;47.48
45.11;47.28
45.4;47.29
45.53;47.76
45.49;48.17
45.59;48.99
45.83;48.93
46.26;49.29
46.32;50.43
46.49;50.43
47.37;50.83
47.46;50.82
48.05;50.47
48.26;50.28
48.11;50.37
47.89;51.03
47.92;50.39
48.36;50.75
48.08;50.97
48.34;50.82
48.45;51.1
48.25;51.18
48.3;51.37
48.54;51.38
49.04;51.3
49.08;51.98
49.1;52.1
49.57;51.04
49.79;50.64
49.17;50.71
48.79;50.1
48.77;50.39
48.36;50.93
48.54;51.03
48.81;51.72
48.8;52.16
49.03;52.8
49.31;52.69
49.73;52.65
49.83;53.65
49.86;53.9
50.38;53.39
50.75;53.6
50.6;53.98
50.65;53.83
50.87;53.12
50.69;52.64
50.24;53.23
49.75;52.64
49.9;53.08
49.65;52.54
49.84;52.94
49.81;52.79
49.97;53.1
50.03;52.99
50.07;53.71
50.37;53.52
50.75;53.83
50.97;53.94
51.37;54.98
51.59;55.28
52.47;56.19
52.77;56.6
53.3;56.6
53.5;55.04
53.34;56.79
52.4;56.72
53.42;56.08
53.52;57.55
52.85;57.97
53.61;58.51
53.95;57.9
54.35;57.96
54.21;57.84
54.17;58.89
53.93;58.74
54.43;59.09
54.88;59.71
54.85;60.57
55.18;60.82
55.87;61.76
56.37;61.69
57.13;62.32
57.53;62.82
58.05;62.93
58.29;63.07
58.34;63.26
58.21;62.14
58.22;62.24
57.67;61.81
57.52;61.54
57.32;61.29
56.89;60.98
56.81;61.22
56.64;62.34
56.61;61.94
57.4;60.43
57.4;58.97
56.27;59.64
55.07;60.15
55.19;59.0
55.61;59.02
55.26;60.62
55.1;59.67
56.12;59.64
55.8;58.88
55.64;60.11
55.1;59.64
55.58;60.28
55.43;61.03
55.52;60.14
55.79;57.94
55.25;58.64
54.41;58.37
54.37;58.49
54.24;59.09
54.35;59.57
54.73;59.03
55.22;59.76
54.77;59.14
54.79;59.46
54.51;59.66
54.42;60.49
54.75;60.71
55.67;60.68
56.08;62.24
56.27;62.61
57.07;61.63
57.5;60.79
56.97;61.1
56.24;61.53
56.19;60.91
56.62;60.2
56.28;60.25
55.89;60.43
55.67;60.34
55.81;60.74
55.88;60.4
55.82;60.0
55.47;60.43
55.46;61.1
55.87;62.17
56.58;61.72
57.61;62.68
57.19;61.61
57.48;61.46
57.03;60.51
56.79;59.76
56.0;59.81
55.22;59.79
55.17;58.31
55.12;58.12
54.21;57.8
54.06;57.85
54.15;57.15
54.27;57.62
53.8;57.7
54.4;57.35
54.32;56.73
53.91;56.84
53.46;57.1
53.51;56.86
53.66;56.96
53.69;57.13
54.03;57.3
54.27;57.39
54.51;57.57
54.41;58.73
54.41;59.77
54.83;61.22
55.69;62.34
56.83;62.58
57.99;62.61
58.4;62.73
58.69;61.43
58.98;60.77
58.26;60.53
57.57;60.13
57.26;60.25
56.33;60.99
56.08;60.94
56.42;60.28
56.52;60.6
56.27;60.65
56.33;59.85
56.01;61.04
55.24;60.38
55.98;59.83
55.83;59.44
55.52;61.3
55.33;61.89
56.42;62.47
57.01;62.11
57.28;62.02
57.53;62.09
57.21;62.77
57.13;63.2
57.51;64.5
57.73;63.68
58.49;64.55
57.89;64.74
58.38;64.5
58.61;64.43
58.45;64.01
58.69;64.12
58.71;64.51
58.92;64.32
59.12;64.36
59.11;64.5
58.7;62.77
58.82;64.11
57.77;63.88
58.44;63.35
58.47;64.47
58.46;65.45
59.17;65.44
60.06;64.97
60.35;64.61
60.27;64.72
60.12;65.38
59.88;65.62
60.08;65.19
60.38;66.54
60.3;66.16
60.83;65.94
60.54;66.29
60.54;65.34
60.77;65.41
59.92;65.65
59.92;66.8
59.93;66.47
60.65;66.9
60.32;65.92
60.43;65.89
59.72;65.88
59.6;66.73
59.48;66.87
60.33;68.33
60.7;69.05
61.41;68.51
62.04;69.35
62.23;69.89
62.65;70.62
63.13;70.36
63.55;72.14
63.59;72.3
64.44;72.18
64.96;72.03
64.85;71.75
64.76;72.24
64.44;71.18
64.88;70.88
64.48;71.34
64.15;69.34
64.45;70.45
63.14;70.29
63.59;70.23
63.32;70.01
63.25;70.22
63.4;71.27
63.21;70.78
63.74;68.82
63.86;68.37
62.93;68.97
62.03;67.5
62.13;69.29
61.57;68.71
62.07;66.23
61.84;67.24
60.17;67.91
60.27;71.51
60.7;71.61
62.84;72.92
63.63;73.62
64.44;73.73
64.69;73.72
64.73;74.98
65.16;75.31
65.51;74.64
65.97;74.94
65.32;75.83
65.19;76.4
65.54;75.91
65.94;75.78
65.56;76.16
65.41;76.47
65.58;75.2
65.89;77.33
65.71;78.24
66.47;78.87
66.98;77.8
67.61;77.57
67.26;76.7
67.58;77.01
66.98;75.64
67.02;75.77
66.35;77.02
66.12;77.59
66.43;76.2
66.61;76.47
66.16;76.04
65.71;75.22
65.63;75.28
65.3;74.4
65.52;74.27
64.92;74.75
65.05;75.77
65.71;77.19
66.17;77.29
66.89;77.31
67.36;76.11
67.73;74.88
66.74;75.3
65.73;76.15
65.9;73.35
66.0;72.88
64.65;73.45
64.1;73.49
64.53;74.71
64.19;75.7
64.99;74.86
66.13;75.19
65.84;75.25
66.05;75.32
66.19;74.03
66.32;73.61
65.64;74.42
66.02;75.08
67.03;75.29
67.43;76.0
68.04;76.86
68.67;76.68
69.33;75.98
69.08;77.22
68.71;77.55
69.16;78.0
69.15;77.68
69.4;76.58
69.1;75.85
67.87;76.08
67.08;76.7
67.11;76.74
67.25;77.78
67.3;77.93
67.59;78.85
67.63;79.25
68.24;79.11
68.3;79.52
68.26;79.5
67.8;79.75
67.86;79.38
68.32;79.72
68.68;80.23
69.07;80.07
70.05;80.89
70.12;80.2
70.25;79.79
70.35;78.36
70.47;78.36
69.5;78.83
69.57;78.7
69.89;79.09
69.93;79.27
70.21;78.38
70.52;78.32
70.32;78.24
70.31;79.4
70.12;79.92
71.21;80.72
71.92;81.14
72.35;81.83
72.39;81.8
72.37;82.18
72.43;81.94
72.56;81.25
72.19;82.54
72.03;82.2
72.73;82.23
72.38;82.1
72.57;81.53
72.45;80.77
71.81;80.47
71.28;81.21
70.61;81.14
70.82;81.58
70.78;81.42
70.69;82.14
70.86;81.6
71.43;82.47
71.08;81.57
71.64;82.53
71.38;81.27
71.42;80.8
70.95;82.56
70.39;82.09
71.03;81.94
70.88;80.92
70.53;82.19
69.82;82.8
70.3;82.53
70.68;82.9
71.02;83.85
71.88;84.49
72.4;85.14
73.01;85.26
73.9;85.02
74.11;85.53
74.26;85.63
74.46;85.53
74.81;85.19
74.71;85.52
74.27;85.39
74.18;85.06
73.97;85.93
72.94;86.06
73.03;85.3
73.5;86.06
73.48;85.7
74.0;84.79
73.69;84.72
72.98;85.14
72.7;84.86
73.35;85.25
73.35;85.43
73.64;85.48
74.13;85.49
73.83;85.63
73.7;84.5
73.98;83.57
73.37;84.65
72.45;83.34
72.79;83.98
71.94;84.06
72.28;84.25
72.69;82.79
72.8;82.13
72.22;83.7
71.63;83.81
72.84;82.44
72.98;83.38
72.53;81.11
73.14;81.64
71.76;79.41
71.47;79.62
70.5;77.68
70.41;77.35
69.05;79.33
68.25;80.93
69.28;82.84
70.14;82.43
71.47;83.27
71.18;83.85
71.15;83.7
71.4;85.1
71.67;84.73
72.33;85.38
72.42;86.48
72.9;86.79
73.5;85.5
73.91;86.12
72.99;87.06
72.83;85.17
72.96;84.96
72.08;85.15
72.03;85.08
71.76;85.63
71.58;85.93
71.9;85.56
72.56;85.44
72.54;85.0
72.93;84.13
73.06;84.19
71.98;85.72
71.94;86.73
72.96;86.99
73.98;87.55
74.01;87.73
74.37;88.45
74.48;88.11
74.63;88.23
74.6;88.73
74.56;88.77
74.92;87.95
74.31;86.71
74.07;87.93
73.15;87.68
73.48;87.12
73.97;86.42
73.63;87.58
72.95;88.75
73.2;89.02
73.78;90.28
73.76;90.75
74.4;90.49
74.89;91.07
74.66;91.52
75.03;90.76
75.45;90.27
75.57;89.85
75.41;88.53
74.73;88.06
74.04;88.96
73.65;89.88
74.04;90.33
74.83;90.53
75.01;91.23
75.02;90.31
75.59;90.42
75.4;91.22
75.61;90.8
76.28;90.25
76.29;91.19
76.47;90.78
76.84;91.02
76.65;90.06
76.65;88.81
76.46;89.34
75.32;87.17
75.17;88.1
74.1;90.18
74.22;97.06
75.11;98.37
78.61;97.77
80.11;97.49
79.97;97.68
79.78;97.63
79.61;99.27
79.97;99.83
81.06;99.78
81.81;99.54
81.7;99.56
81.24;100.2
81.07;100.62
81.32;100.31
81.45;101.17
82.05;100.21
82.54;99.75
81.92;101.48
81.8;101.92
82.96;101.17
83.49;100.66
83.51;99.5
83.23;100.88
82.71;98.8
82.95;98.61
82.49;102.71
82.24;102.01
83.71;102.9
83.42;102.51
83.59;103.47
82.96;102.9
83.17;103.92
82.96;103.71
83.07;102.65
83.23;100.63
82.66;100.86
81.73;101.09
81.51;101.7
81.36;100.52
81.68;101.05
81.4;101.59
81.58;101.23
81.73;101.04
81.32;101.93
81.57;102.32
81.85;102.5
82.32;102.08
83.11;102.22
83.37;102.53
83.91;103.6
83.94;102.25
84.17;103.71
83.77;103.2
84.02;103.45
83.74;104.46
83.16;104.97
83.74;105.57
83.82;105.34
84.16;105.24
84.01;104.19
83.92;105.92
83.55;106.41
84.27;106.2
85.14;105.15
85.49;104.71
84.99;105.53
84.49;104.08
84.59;104.69
83.73;104.64
83.72;105.35
83.14;105.71
83.21;105.74
83.62;105.96
84.11;105.61
84.42;105.79
84.26;105.67
84.39;104.88
84.19;105.77
83.84;105.93
83.76;105.77
83.91;106.34
83.71;106.14
83.66;106.54
83.7;105.71
83.91;105.71
83.81;104.74
83.58;104.0
83.47;105.42
83.46;106.01
84.42;105.37
84.69;105.59
84.51;106.44
84.65;106.85
85.12;108.51
85.59;107.93
86.44;108.8
86.77;109.65
87.25;109.03
87.8;109.68
87.57;110.2
87.9;108.34
88.14;109.39
87.84;110.98
87.78;110.82
88.02;111.53
88.1;112.88
88.32;111.04
88.5;111.43
87.73;112.24
87.48;113.79
87.74;113.6
87.9;114.03
88.01;114.78
88.16;114.57
88.95;115.27
88.88;115.01
89.86;115.03
90.52;114.52
90.73;114.62
90.36;113.99
90.62;114.19
90.83;115.52
90.54;115.7
90.77;115.67
90.75;116.75
90.84;117.3
91.21;106.54
91.46;104.64
87.44;105.41
85.79;107.0
85.46;104.11
86.31;103.13
85.76;103.64
85.53;103.3
85.47;105.12
85.16;103.08
86.53;102.61
86.43;96.41
85.95;95.28
83.75;91.92
82.6;92.43
80.6;95.65
80.22;98.49
82.4;98.78
83.61;98.21
84.19;95.92
83.75;98.22
82.09;98.31
82.52;97.33
82.65;100.26
82.51;98.23
83.17;98.9
82.04;100.71
82.24;100.08
82.49;99.7
82.25;100.21
82.38;100.44
82.94;99.13
83.23;99.68
82.72;98.79
82.84;97.91
82.44;96.99
81.62;96.68
81.55;94.94
81.27;95.83
80.79;98.51
81.61;98.97
83.36;99.29
84.52;100.1
85.31;100.03
85.86;99.66
85.49;100.84
85.27;101.75
85.38;102.51
85.26;102.75
84.99;101.92
85.45;104.0
84.81;104.34
84.57;105.52
84.9;105.88
86.15;106.12
86.02;109.17
85.77;109.01
86.56;109.43
86.0;109.67
86.26;110.22
86.39;110.89
86.99;109.64
87.68;110.89
87.52;111.37
89.04;109.17
89.45;108.92
88.58;111.5
88.49;112.22
89.48;113.19
88.78;112.32
89.28;112.02
89.34;110.7
89.32;111.74
88.8;111.94
89.22;113.88
89.44;114.43
89.63;115.74
89.87;115.11
90.63;113.7
90.99;114.39
89.87;110.98
89.79;109.38
88.19;111.23
86.8;109.89
87.08;107.85
86.4;110.12
85.33;109.73
85.7;108.42
85.48;107.45
84.68;107.45
84.5;104.81
84.6;106.08
82.9;108.81
82.91;110.39
84.09;108.66
84.81;104.5
83.81;103.4
82.07;103.55
81.23;102.41
80.98;102.7
80.44;104.04
80.83;103.88
81.71;103.16
81.78;101.94
82.18;99.9
80.95;97.88
80.03;97.36
79.25;96.53
79.27;96.28
78.42;96.93
78.76;98.43
79.65;95.54
80.91;96.15
80.77;91.09
81.13;91.16
78.75;89.77
78.27;91.21
76.95;94.0
76.96;92.44
78.6;93.39
78.01;91.5
77.83;90.74
76.6;92.96
76.45;92.31
78.54;90.34
77.9;92.3
77.28;92.58
77.6;91.09
77.53;89.37
76.18;89.56
75.33;86.19
75.59;87.61
73.85;88.43
74.04;90.13
75.13;92.65
76.74;92.33
77.39;92.17
77.3;93.49
76.81;92.53
77.6;92.58
77.75;92.79
77.65;92.46
77.21;92.67
77.35;94.73
77.98;94.1
78.42;95.87
77.78;95.54
77.87;96.42
77.93;94.9
78.19;94.74
77.45;94.14
77.33;95.01
76.31;95.86
76.35;95.3
77.09;95.5
77.9;96.62
78.76;96.24
79.06;95.52
79.05;94.66
78.28;93.94
77.12;94.31
75.89;95.16
75.66;95.23
75.65;95.95
76.12;96.34
76.38;96.11
76.27;95.73
76.28;94.1
75.88;94.57
74.15;93.29
73.94;93.54
72.57;93.39
72.43;94.44
72.71;96.51
73.29;95.68
74.94;95.64
74.48;98.45
74.62;99.57
75.78;100.18
76.27;99.83
76.67;100.67
77.01;101.45
77.24;101.76
78.29;102.13
78.69;100.92
79.02;100.17
78.19;101.24
78.14;100.68
79.04;100.57
78.97;101.79
78.79;102.39
79.35;102.19
79.6;103.41
79.34;99.23
79.08;98.67
78.05;97.52
77.55;97.36
77.29;96.95
76.92;96.04
76.58;95.47
76.24;96.8
75.34;96.22
75.48;96.54
75.52;96.88
76.07;96.83
76.16;97.29
77.02;96.25
77.95;95.58
78.31;95.77
77.79;95.8
77.93;95.83
78.3;95.41
78.21;95.11
78.38;94.92
79.39;94.43
79.82;94.65
78.64;95.46
79.03;95.33
79.42;95.44
79.41;96.04
80.08;96.59
80.71;95.87
81.14;95.84
81.19;96.06
82.2;92.86
82.73;91.56
81.96;93.18
80.61;94.08
80.88;94.9
81.33;95.1
81.45;94.74
81.64;95.51
80.88;96.16
80.68;97.35
81.02;97.7
82.63;97.91
82.55;97.6
83.38;97.69
82.81;97.52
81.88;97.86
81.05;97.2
80.61;95.98
79.75;95.77
78.42;95.48
77.52;95.17
76.78;94.48
75.8;94.13
75.31;93.72
75.6;93.76
75.13;93.36
75.05;92.84
74.55;93.9
73.58;92.99
74.13;93.64
74.79;93.56
75.18;94.46
74.93;95.63
75.43;95.54
75.67;94.63
75.68;94.88
75.24;94.67
74.89;94.66
74.61;94.44
74.06;94.19
73.83;93.68
73.51;93.78
73.04;93.63
73.1;93.37
72.84;93.04
72.52;92.7
72.07;92.69
71.97;92.3
71.83;92.11
71.88;92.26
71.59;91.66
71.6;91.57
70.88;91.94
70.56;90.31
71.22;91.5
70.73;90.58
71.29;90.15
70.65;90.39
70.53;90.45
70.6;90.51
70.91;90.83
70.93;90.28
71.11;91.28
70.66;91.14
71.08;89.86
70.91;89.63
71.14;90.09
71.58;89.7
71.84;90.74
71.68;90.38
72.64;90.48
72.36;90.34
72.28;90.71
72.45;90.38
72.75;90.38
72.76;89.76
72.93;89.32
73.22;89.04
73.05;89.22
73.23;88.76
73.65;89.09
74.1;89.83
74.78;89.93
74.91;90.91
75.77;91.24
76.3;90.63
76.37;91.36
76.46;91.87
76.55;91.71
77.23;90.57
77.64;90.28
77.45;89.81
76.74;91.24
76.48;90.34
76.59;92.27
76.46;92.22
77.64;92.48
77.82;92.79
78.2;95.45
78.26;95.68
79.66;95.47
80.49;96.86
80.46;97.1
80.73;96.0
81.05;95.4
80.0;95.48
79.67;96.02
79.99;96.56
80.08;96.71
80.33;97.39
80.54;96.86
80.1;96.68
80.11;96.25
80.23;97.68
79.75;98.36
80.33;99.66
80.91;101.8
81.4;103.26
82.75;102.47
83.9;102.26
83.91;102.46
83.91;102.79
83.65;102.32
83.33;103.69
83.32;103.85
83.93;103.94
83.96;103.81
83.45;103.54
82.92;103.56
82.26;102.7
81.87;102.96
81.38;102.62
